{
  "DELETE User" : {
    "transaction" : "DELETE User",
    "sampleCount" : 100,
    "errorCount" : 0,
    "errorPct" : 0.0,
    "meanResTime" : 429.30999999999995,
    "medianResTime" : 277.0,
    "minResTime" : 161.0,
    "maxResTime" : 986.0,
    "pct1ResTime" : 841.9,
    "pct2ResTime" : 953.95,
    "pct3ResTime" : 985.98,
    "throughput" : 18.56665428889714,
    "receivedKBytesPerSec" : 2.1939112978091346,
    "sentKBytesPerSec" : 3.626299665800223
  },
  "UPDATE Books" : {
    "transaction" : "UPDATE Books",
    "sampleCount" : 50,
    "errorCount" : 0,
    "errorPct" : 0.0,
    "meanResTime" : 867.8199999999998,
    "medianResTime" : 880.0,
    "minResTime" : 413.0,
    "maxResTime" : 1481.0,
    "pct1ResTime" : 1049.3999999999999,
    "pct2ResTime" : 1073.35,
    "pct3ResTime" : 1481.0,
    "throughput" : 17.17032967032967,
    "receivedKBytesPerSec" : 5.801693423763736,
    "sentKBytesPerSec" : 6.422105726304945
  },
  "POST Books" : {
    "transaction" : "POST Books",
    "sampleCount" : 50,
    "errorCount" : 0,
    "errorPct" : 0.0,
    "meanResTime" : 772.8399999999998,
    "medianResTime" : 415.5,
    "minResTime" : 243.0,
    "maxResTime" : 1494.0,
    "pct1ResTime" : 1438.7,
    "pct2ResTime" : 1452.25,
    "pct3ResTime" : 1494.0,
    "throughput" : 16.056518946692357,
    "receivedKBytesPerSec" : 4.970621587989724,
    "sentKBytesPerSec" : 5.519428387925498
  },
  "POST Activities" : {
    "transaction" : "POST Activities",
    "sampleCount" : 10,
    "errorCount" : 0,
    "errorPct" : 0.0,
    "meanResTime" : 911.3,
    "medianResTime" : 806.0,
    "minResTime" : 269.0,
    "maxResTime" : 1637.0,
    "pct1ResTime" : 1621.4,
    "pct2ResTime" : 1637.0,
    "pct3ResTime" : 1637.0,
    "throughput" : 6.075334143377886,
    "receivedKBytesPerSec" : 1.625626518833536,
    "sentKBytesPerSec" : 1.80361482381531
  },
  "UPDATE Cover" : {
    "transaction" : "UPDATE Cover",
    "sampleCount" : 10,
    "errorCount" : 0,
    "errorPct" : 0.0,
    "meanResTime" : 913.3,
    "medianResTime" : 889.0,
    "minResTime" : 775.0,
    "maxResTime" : 1151.0,
    "pct1ResTime" : 1141.4,
    "pct2ResTime" : 1151.0,
    "pct3ResTime" : 1151.0,
    "throughput" : 5.892751915144372,
    "receivedKBytesPerSec" : 1.3178126841484974,
    "sentKBytesPerSec" : 1.46743333824396
  },
  "GET Users" : {
    "transaction" : "GET Users",
    "sampleCount" : 100,
    "errorCount" : 0,
    "errorPct" : 0.0,
    "meanResTime" : 1345.06,
    "medianResTime" : 1167.0,
    "minResTime" : 508.0,
    "maxResTime" : 3232.0,
    "pct1ResTime" : 2525.2000000000003,
    "pct2ResTime" : 2930.5999999999995,
    "pct3ResTime" : 3230.8399999999992,
    "throughput" : 9.676795045480937,
    "receivedKBytesPerSec" : 6.803996516353783,
    "sentKBytesPerSec" : 1.663199148442036
  },
  "GET Books" : {
    "transaction" : "GET Books",
    "sampleCount" : 50,
    "errorCount" : 0,
    "errorPct" : 0.0,
    "meanResTime" : 3466.4600000000005,
    "medianResTime" : 3546.5,
    "minResTime" : 2112.0,
    "maxResTime" : 4274.0,
    "pct1ResTime" : 4044.5,
    "pct2ResTime" : 4155.2,
    "pct3ResTime" : 4274.0,
    "throughput" : 11.25112511251125,
    "receivedKBytesPerSec" : 1046.0395160609812,
    "sentKBytesPerSec" : 1.9337871287128714
  },
  "POST Cover" : {
    "transaction" : "POST Cover",
    "sampleCount" : 10,
    "errorCount" : 0,
    "errorPct" : 0.0,
    "meanResTime" : 1026.5,
    "medianResTime" : 921.0,
    "minResTime" : 676.0,
    "maxResTime" : 1512.0,
    "pct1ResTime" : 1507.8,
    "pct2ResTime" : 1512.0,
    "pct3ResTime" : 1512.0,
    "throughput" : 6.108735491753207,
    "receivedKBytesPerSec" : 1.3661136988393403,
    "sentKBytesPerSec" : 1.5152527489309713
  },
  "UPDATE Author" : {
    "transaction" : "UPDATE Author",
    "sampleCount" : 100,
    "errorCount" : 0,
    "errorPct" : 0.0,
    "meanResTime" : 364.06,
    "medianResTime" : 266.0,
    "minResTime" : 162.0,
    "maxResTime" : 985.0,
    "pct1ResTime" : 709.6000000000004,
    "pct2ResTime" : 826.4499999999998,
    "pct3ResTime" : 984.1999999999996,
    "throughput" : 18.70207593042828,
    "receivedKBytesPerSec" : 4.638991490555451,
    "sentKBytesPerSec" : 5.132112633252291
  },
  "GET User by ID" : {
    "transaction" : "GET User by ID",
    "sampleCount" : 100,
    "errorCount" : 0,
    "errorPct" : 0.0,
    "meanResTime" : 625.5599999999996,
    "medianResTime" : 492.0,
    "minResTime" : 166.0,
    "maxResTime" : 1695.0,
    "pct1ResTime" : 1379.0,
    "pct2ResTime" : 1401.95,
    "pct3ResTime" : 1693.299999999999,
    "throughput" : 14.708045300779526,
    "receivedKBytesPerSec" : 3.5333780703044564,
    "sentKBytesPerSec" : 2.556671937049566
  },
  "GET Books by ID" : {
    "transaction" : "GET Books by ID",
    "sampleCount" : 50,
    "errorCount" : 0,
    "errorPct" : 0.0,
    "meanResTime" : 1423.1000000000001,
    "medianResTime" : 1505.0,
    "minResTime" : 793.0,
    "maxResTime" : 2017.0,
    "pct1ResTime" : 1809.0,
    "pct2ResTime" : 1896.2499999999998,
    "pct3ResTime" : 2017.0,
    "throughput" : 14.810426540284361,
    "receivedKBytesPerSec" : 9.616074403880331,
    "sentKBytesPerSec" : 2.5744686759478674
  },
  "GET Activities" : {
    "transaction" : "GET Activities",
    "sampleCount" : 10,
    "errorCount" : 0,
    "errorPct" : 0.0,
    "meanResTime" : 2774.8,
    "medianResTime" : 2780.0,
    "minResTime" : 1898.0,
    "maxResTime" : 3735.0,
    "pct1ResTime" : 3724.7,
    "pct2ResTime" : 3735.0,
    "pct3ResTime" : 3735.0,
    "throughput" : 2.6028110359187924,
    "receivedKBytesPerSec" : 7.729128709005726,
    "sentKBytesPerSec" : 0.46006718505986466
  },
  "GET Activities by ID" : {
    "transaction" : "GET Activities by ID",
    "sampleCount" : 10,
    "errorCount" : 0,
    "errorPct" : 0.0,
    "meanResTime" : 831.6,
    "medianResTime" : 806.5,
    "minResTime" : 253.0,
    "maxResTime" : 1430.0,
    "pct1ResTime" : 1429.4,
    "pct2ResTime" : 1430.0,
    "pct3ResTime" : 1430.0,
    "throughput" : 6.12369871402327,
    "receivedKBytesPerSec" : 1.7222902633190447,
    "sentKBytesPerSec" : 1.094371938150643
  },
  "POST Authors" : {
    "transaction" : "POST Authors",
    "sampleCount" : 100,
    "errorCount" : 0,
    "errorPct" : 0.0,
    "meanResTime" : 665.8599999999999,
    "medianResTime" : 514.0,
    "minResTime" : 163.0,
    "maxResTime" : 1712.0,
    "pct1ResTime" : 1410.5,
    "pct2ResTime" : 1421.0,
    "pct3ResTime" : 1709.9799999999989,
    "throughput" : 12.445550715619166,
    "receivedKBytesPerSec" : 3.0992338207840695,
    "sentKBytesPerSec" : 3.4152341319228374
  },
  "GET Cover" : {
    "transaction" : "GET Cover",
    "sampleCount" : 10,
    "errorCount" : 0,
    "errorPct" : 0.0,
    "meanResTime" : 2614.9,
    "medianResTime" : 2450.5,
    "minResTime" : 2118.0,
    "maxResTime" : 3292.0,
    "pct1ResTime" : 3290.3,
    "pct2ResTime" : 3292.0,
    "pct3ResTime" : 3292.0,
    "throughput" : 2.941176470588235,
    "receivedKBytesPerSec" : 59.468922334558826,
    "sentKBytesPerSec" : 0.5227481617647058
  },
  "DELETE Author" : {
    "transaction" : "DELETE Author",
    "sampleCount" : 100,
    "errorCount" : 0,
    "errorPct" : 0.0,
    "meanResTime" : 292.1499999999999,
    "medianResTime" : 232.0,
    "minResTime" : 161.0,
    "maxResTime" : 648.0,
    "pct1ResTime" : 535.4000000000003,
    "pct2ResTime" : 587.8499999999999,
    "pct3ResTime" : 647.6999999999998,
    "throughput" : 22.099447513812155,
    "receivedKBytesPerSec" : 2.611360497237569,
    "sentKBytesPerSec" : 4.35946132596685
  },
  "DELETE Activities" : {
    "transaction" : "DELETE Activities",
    "sampleCount" : 10,
    "errorCount" : 0,
    "errorPct" : 0.0,
    "meanResTime" : 890.1999999999999,
    "medianResTime" : 898.0,
    "minResTime" : 707.0,
    "maxResTime" : 1091.0,
    "pct1ResTime" : 1080.5,
    "pct2ResTime" : 1091.0,
    "pct3ResTime" : 1091.0,
    "throughput" : 5.892751915144372,
    "receivedKBytesPerSec" : 0.6963115055981143,